2.3965475,-6.9751370,-20.6888023,-8.8245740,-5.9712279,1.0488318,-4.0176724,-4.3561987,-6.2758365,4.5076308,2.2093697,17.2430435,-1.7137921,0.9768107,-2.0945206,2.0971384
4.4754656,-5.8651849,10.0277824,-3.6145203,-4.3571808,-0.3593920,-1.9376944,0.2886022,1.0571237,5.1844917,1.0711320,4.7606816,-1.8708580,1.1958980,-0.8269623,0.8786686
-3.3247395,3.5257538,-2.1330746,0.2170275,-0.8931354,18.6399094,1.9879452,-18.8952084,0.2485371,4.0514687,0.7357195,18.8078374,-2.2122212,1.9306774,-2.5200394,-1.0795604
-0.7070037,3.1871968,-13.1133822,0.8122474,-5.0665667,12.0215050,-3.2477488,-29.1819246,-2.3836571,9.1841965,0.2060158,17.6771027,-0.1411418,0.8212476,0.3350874,-3.4098548
5.7933105,0.4640813,-1.9430360,-2.1459735,0.2035342,5.3998461,0.7380334,-2.5939917,6.0513483,-3.9643463,0.2126777,6.9578492,-3.8933116,2.2631592,-3.2275917,3.5983983
4.3137342,0.8631060,-28.6274666,6.7504503,-5.9979195,18.4225671,-0.2732116,-48.1254596,28.4484987,9.2988778,0.3555205,30.4286342,-2.1551211,3.1905343,-5.1355158,2.7246144
-4.0616686,4.4527043,14.7393777,8.3127425,0.3340788,14.4237868,2.8730596,-23.0642679,11.5394186,8.0161018,-0.6958286,6.2297779,0.3521169,0.6524064,-0.0427623,-3.8469069
-2.4970136,1.8702672,4.5493714,3.6611131,8.2291579,25.7967908,7.7615550,5.4946527,7.1745664,-6.3856054,-1.0816015,8.0030555,-2.1096956,1.4481687,-3.6070151,1.6660045
4.0928281,-9.4328431,32.7492163,7.7170786,-5.7517948,8.1533361,5.2963127,-8.5649409,35.2970139,9.9805338,2.1518654,12.5442414,-2.8183386,4.6472233,-5.9169262,4.0016763
6.3880425,-6.7188274,46.7527206,5.2214629,-7.2973056,-1.3059374,0.3195667,-20.0948048,25.7596522,15.0670524,1.0920656,2.0649836,-3.2009384,2.7490566,-1.6392897,-0.6078180
1.9292755,7.1669410,-38.1613763,7.1331757,-2.7642077,21.6363794,2.0904385,-18.9844503,12.7850033,-6.3323112,0.2555746,26.8705848,-0.6649154,4.3888630,-5.1155279,4.5160763
5.1452979,6.0278762,3.8134779,3.4533652,-4.0750528,9.6427997,0.6587827,-9.4676699,5.9714232,-3.4678616,0.5903064,12.2334777,-3.1678366,4.4044927,-3.0308716,2.0120047
-1.4485232,1.2827439,3.9077708,-3.8532505,1.4193604,9.5561398,3.2276774,-5.7820183,2.8625868,-0.4225772,1.2911650,11.2311515,-4.1438669,1.8288736,-3.9582363,1.9915489
0.0516875,2.6000922,38.8962086,8.7548614,-3.7045289,2.5379466,1.9351994,-29.5738262,22.6392016,13.4866548,0.2373503,1.0110621,-1.9782659,1.8390847,-0.7344617,-3.1111886
-1.7828869,1.9697646,-24.7758317,2.2012847,0.3345335,14.7291680,0.5422859,-19.0243073,4.8036784,2.3746087,-0.4054696,15.1201175,0.3362186,0.3118807,-1.5595409,0.0098795
0.6886402,2.4520972,-3.6933099,9.6157310,-7.8357623,-5.1728138,0.5417641,-14.0881569,21.6269549,3.6287371,1.6773190,8.5751830,1.5840858,3.2106358,-2.6126799,2.3261896
5.7775500,-1.0093564,-46.7413043,-1.6193118,-6.3395692,3.4754974,-5.7028430,-38.2656812,10.5665931,7.0244998,0.1792362,21.8221822,-0.9814985,0.5277437,-2.0948754,1.9017494
3.5503042,-5.6731931,-26.7543033,0.3121020,-1.9268963,-1.4278905,0.9149433,-19.8868933,26.2215442,3.4146192,1.0192937,12.8946945,-1.8498282,0.9008543,-5.2246506,5.8117884
-0.3655219,3.0994774,-52.5636635,-1.4237726,7.1896489,18.6895182,0.3513285,-21.8545456,1.5391225,-3.4854696,-2.4148050,13.4557714,-0.5356808,-2.1602854,-1.4828448,0.8192010
-1.0498950,7.9877521,-25.5215026,1.0461820,0.5476166,15.7915752,2.5697431,1.7461064,-5.0849268,-11.2660719,0.4322614,16.6152700,-0.9187626,3.1208845,-3.0827702,2.9652314
3.8900519,9.1302829,-6.3523593,7.2370272,-9.7520000,-0.9350259,-3.5539967,-19.0971864,3.6434056,0.4211808,0.8055069,11.2116134,0.4399623,3.8552123,-0.1936081,-0.0668232
6.8933878,0.1329340,41.6792319,1.9321397,-5.8654517,-8.2191599,-3.1585912,-10.3887331,4.3635385,7.9252988,-0.0385332,-7.5289765,-2.5658486,1.5417518,1.9751959,-2.7133267
1.0486484,-2.0316097,-33.6058934,-2.9551749,-2.4310552,5.3138275,-2.9206624,-32.5341352,8.5152117,8.6984653,0.1610177,16.6369012,-1.1459641,-0.8041600,-1.8232505,0.3497325
-0.1245551,5.0082353,-18.0330381,-4.8038001,-1.2132602,1.9981514,-0.5107870,9.2159285,-14.4178804,-8.9288107,0.9881441,7.4530896,-1.0204693,1.6653962,-1.4060219,2.1036503
-4.7938578,2.3185815,12.3064305,9.7668364,-1.2376457,8.8433122,3.6806197,-32.8954910,25.8790812,12.8570919,-0.0133006,7.7433218,0.1990824,0.6142969,-1.7540273,-2.2171322
0.4593785,4.7937787,-25.9738604,6.5125844,0.0900554,18.6274167,4.7419633,-16.7449504,20.0928958,-4.9555519,0.3983515,21.5194566,-1.7057394,3.6811092,-6.0202963,4.9660097
1.3013643,1.0211103,18.6559259,-6.0164281,-3.0359687,3.4663828,-0.0435357,7.8053395,-11.6421287,-1.8798739,1.8535164,7.0470671,-3.9718420,2.9372502,-1.7663963,0.4892388
2.0806370,6.8756744,-43.3455637,5.8290639,-2.7814227,-4.9280230,-3.6545684,-24.2573678,9.4089022,-2.1729979,-1.0270221,6.0409034,2.7037062,-0.3138995,0.3377532,1.1287139
-2.6382621,4.2208393,6.8978824,-7.9985700,3.1383969,19.6348096,0.9606412,-8.7377200,-17.2925865,0.9665829,0.1318523,12.3022194,-4.7482069,0.7614924,-1.0337761,-2.8338755
-4.7781194,9.2512357,16.7077101,-3.6004150,7.0434516,15.9708986,2.8917066,0.3071851,-19.0784570,-4.1512365,-1.1323899,-0.3001320,-3.2401195,-0.2240841,0.8074160,-4.2488756
-3.6889325,1.8024923,-27.2642526,6.9087248,1.8226929,25.1123439,3.8863458,-23.1379679,14.8477466,2.4792810,-0.5255241,21.3757319,0.5909475,1.1240548,-3.4602813,0.8826733
-2.2907878,-4.0574785,-3.3229702,8.1691036,2.1940725,26.1350611,7.0637296,-26.5236675,32.3755969,8.6628460,-0.0095597,20.3004941,-1.5974675,1.7378964,-5.7003970,2.1143537
0.8603535,-1.4254481,-1.6033048,-4.7559652,2.3797855,4.5669345,0.0724606,-6.0891774,-1.1791180,1.4310945,-0.2728788,2.9611922,-2.5003507,-0.5594101,-0.9525242,0.1952413
0.2626504,6.2600221,-32.3233977,-0.4322613,0.1260692,5.8319765,0.5905731,-11.4936152,2.4014773,-6.5578973,0.4507513,13.7200549,-1.4126068,1.7424350,-3.2843606,3.4750790
-1.7613594,3.0121922,-20.9758580,3.0460368,5.5437675,8.7111419,2.4947295,1.4254716,1.5735805,-6.8710100,-1.4833274,0.8599159,1.1085941,-0.7847398,-0.5220412,0.9244654
6.7679371,4.6272901,-47.9417395,0.2766704,-3.8109369,5.5057808,-5.7630627,-30.1351269,3.2978787,-0.0003410,-1.1538645,16.1387067,-0.4537828,0.3535038,-0.5605769,1.3779402
0.7068609,-10.9718321,2.7031610,3.5970235,-4.1176605,2.3343179,1.6358508,-20.5099980,28.2739594,13.9383403,1.1829857,10.6345298,-0.1476688,0.4773053,-3.0841807,1.7440863
-2.2637952,10.3071185,-25.6769028,7.5524206,7.6496126,23.1533643,4.6674377,-11.7856562,4.9447258,-9.5732664,-2.5273483,8.4546530,0.0070117,0.5082244,-1.7474556,0.6664569
10.6036452,0.0120227,1.0201231,7.0725691,-12.0875576,-14.2410665,-5.8848217,-30.4442376,22.8197874,8.6765248,0.5605884,4.0699620,-0.5087258,2.7402057,-0.2151555,1.6330014
-0.7487972,-4.0843773,-7.2296663,-8.4815229,-5.2080918,2.3192701,-4.3270102,-8.5451738,-13.9693383,8.3583214,1.6199839,13.3020626,-0.9244015,-0.1199569,0.3218878,-2.0077455
-2.0229344,-4.9637093,-13.1200883,-0.4692904,5.3567325,20.7731621,4.8266787,-1.0603520,8.1786356,0.0902140,-0.4648881,12.3462252,-0.9907579,0.1367493,-3.2694581,1.9308081
1.9666884,13.7665611,-9.6355693,11.1059684,-7.5701039,3.2034139,-0.3959872,-33.4390766,17.0658579,0.2405189,0.6321592,14.1338183,-0.5036425,4.3604122,-2.2024880,0.5435521
0.9856095,7.6162956,-33.0251587,3.1087208,-4.0932339,29.8047373,1.0339161,-31.3502069,5.4122568,0.0823631,0.8648498,36.5922505,-2.9467193,4.8505901,-5.4485445,2.1284047
2.8148346,-4.1319336,11.1655143,-7.9918251,-9.6336432,-7.3698688,-5.4940844,-0.9257278,-12.3124864,8.0167003,2.7229951,8.7388086,-1.9249336,1.8045715,0.1378618,-0.8519517
3.1309692,-0.6457197,13.8920801,-0.4006456,-5.0758005,12.0293497,-0.0833030,-6.6481432,1.0018166,3.9215489,1.3423678,14.7699648,-2.8726175,3.4772308,-2.1164740,0.3611334
2.6522721,11.3009793,1.0464766,-0.8752534,-2.7438419,16.7534256,-0.9118910,-3.8732083,-16.3214979,-7.5663662,0.3592889,14.9863681,-3.6475882,4.1981266,-1.1638006,-0.5453985
8.4841495,6.1887155,-21.6452501,-5.8753312,0.1568392,5.5082364,-5.0740132,-14.0939493,-11.0418784,-6.3118834,-1.5387631,6.2704929,-4.1869020,0.5253796,0.3444884,0.6663839
-3.2474478,8.5202477,-4.6232881,-5.1262389,12.8544877,34.3290073,6.4446940,10.4412415,-19.9791334,-13.9173632,-1.9680995,9.4115346,-4.7957069,0.7275802,-2.1637794,-0.3370255
-2.5437997,6.7306419,30.7716650,4.6965571,-2.2209788,13.6985100,2.6297445,-5.4458076,-2.6996825,2.7828141,0.7043394,6.9044405,-1.8428967,3.3037168,-0.6084352,-3.2209998
2.7175156,-1.7217911,-27.5422074,13.0140034,-7.3480889,1.1699268,1.9439005,-38.5902080,46.3599819,8.5820365,1.2703191,19.4509593,1.0781565,3.0465846,-5.9384437,5.4026104
7.0949458,0.0396323,24.7798662,-3.3533477,-3.4292538,-19.6812310,-5.7301169,-10.0915818,-0.7008363,5.8090801,-0.5545537,-15.0232955,-2.4929327,-1.0564481,3.3286007,-2.3757834
0.1790191,3.1067211,-43.4636798,7.1645073,-3.7761403,4.5471020,-0.4784312,-32.2907980,21.2347313,3.0236174,0.0858932,17.5809449,1.6528810,0.8976378,-3.0500017,2.6734260
-3.0083517,2.3993640,10.4877865,3.5073018,1.1606155,18.4125201,5.7932835,1.4610421,6.2588116,-1.9614461,0.8439298,11.7167435,-1.7190275,3.0765175,-3.6157776,1.3101058
-3.2528354,-5.5931870,29.4944610,-6.3581280,-3.4699212,6.2189241,-0.9777430,-10.4250883,-7.2837776,14.9193340,1.7152752,8.2659631,-2.7819608,0.0146584,0.2457155,-4.6457107
4.0505055,-10.4774692,25.0238946,-5.2221470,-3.8611310,-8.1913281,-2.6841704,-8.0318542,7.3055726,12.9865301,0.8971474,-2.3473856,-2.3576061,-0.7495072,0.4231575,-1.0116601
1.0757110,0.2537571,-19.5573622,-5.2203697,-6.2788109,-6.5851129,-5.7012774,-10.5739195,-10.0024953,4.3396588,1.2509386,9.0043319,0.3852945,0.1032116,0.8102663,-0.7364646
3.4299552,8.9886095,5.4972250,1.4216748,1.2459731,19.1653390,-0.6713219,-28.4035191,-1.6062305,3.0545363,-1.7604981,9.7666724,-4.0783572,1.2936506,0.0682722,-3.1703772
1.5323354,4.6276028,-35.8217592,1.6380709,-1.4744253,27.6642149,0.7961985,-30.7314947,7.2306847,0.5934461,-0.1078531,30.7870369,-2.5899501,2.7566593,-4.5427299,1.8137311
-2.3528026,4.5933977,-5.7102499,-4.0655609,0.2420879,6.1790068,-1.6713554,-1.0799807,-18.2123378,-1.0419487,0.0139740,5.0825782,-0.4692749,-0.1546128,1.3788404,-2.6993657
2.4135852,-1.7937042,4.3781334,-2.3124933,-2.0507003,-0.5537784,-3.9471076,-7.0186544,-7.7737080,5.8133852,-0.5738747,-0.7371679,-0.0622235,-1.1126278,2.6628121,-3.1531586
5.9888939,9.4096735,-30.6754898,5.1299479,-5.8974619,-2.3671057,-3.4551908,-22.0973202,8.3024345,-4.7107089,-0.1338341,10.1475175,-0.2510880,2.5997540,-1.3732992,2.9327005
0.9967931,1.1007298,-26.7054903,9.1710839,-3.1589940,15.0715299,0.5625152,-31.8302071,23.2893130,5.8579552,-0.4001039,19.7864931,0.9880708,1.6758303,-2.9422935,1.4550307
4.0203308,-3.9726522,-20.4145988,2.9269885,-10.4450416,-12.4091182,-3.8090863,-22.2532182,20.4607643,8.4011783,2.1688870,12.8344488,0.9811174,1.7825234,-2.4075787,3.4159295
6.4932411,-2.4794558,-8.0685851,3.3584547,-5.0100815,-6.1800024,-1.9672505,-11.7457252,16.0616913,1.8847136,0.2764979,3.7120779,-0.3195956,1.4334204,-1.5045519,3.1287216
0.3835923,4.7324237,33.7910301,5.3695881,-3.3620898,12.4710995,3.1827872,-6.4345022,6.2334078,2.1735179,0.9530911,7.9812710,-2.8521354,4.2308728,-2.0899496,-0.9807339
-1.2335133,-8.1889999,-25.2034216,-4.3028523,2.2641944,12.1801821,2.3709724,-9.2000233,10.8883172,3.7170618,0.7562980,17.1488260,-1.7317735,-0.3560795,-4.2845613,3.5129453
1.5366963,6.4267989,-31.5930470,2.7074586,5.4631139,3.4288306,-0.1277554,-14.7852506,5.2979184,-5.8809341,-2.5303374,-1.5045655,0.2714035,-1.7048453,0.0457771,0.8523499
2.1249885,7.4707816,6.9991032,3.8070340,-0.1049134,4.0326874,-1.4970936,-14.1026201,-1.5435696,0.6606667,-1.5147188,-1.5150529,-0.6286220,0.3409002,2.1000483,-3.0175373
2.0644216,9.3032375,-29.5329932,-1.7760323,-6.6927954,10.5996720,-5.4446380,-31.3409540,-10.1383003,2.6514079,0.4556727,22.8369761,-1.5407585,2.1304169,-0.4837587,-1.7163118
4.5255123,-0.5190067,-5.4370049,6.2629330,-3.8582463,17.2940318,2.1318403,-20.7438221,21.0841924,3.6827552,0.4648917,20.1709857,-2.1476705,3.7320198,-4.5498331,3.0788761
1.5876995,-1.5526811,25.7171548,9.7891400,-7.2847265,3.0463043,2.5908145,-27.0010179,31.6188649,12.9463058,1.4647814,9.9266402,-1.2419623,3.4271965,-3.2296831,0.3660594
-1.2564617,-4.3312297,10.3081837,0.9154811,-0.0715538,8.4977649,1.0418284,-2.4107180,2.1393761,6.2575367,-0.0256659,3.7038839,0.2012624,-0.2062374,-0.0183004,-1.5666190
-5.7563244,10.4830907,12.0186886,-6.9207087,3.2577108,21.5260022,2.1328427,4.2089010,-28.7624243,-5.0490023,0.5049905,11.4005331,-4.0734027,1.8564000,-0.3938259,-3.6435769
1.7378179,9.6848849,-0.6818955,0.0650401,-0.8243810,17.0477986,-2.1349878,-19.2584877,-12.0972299,0.1729746,-1.1029324,11.1491093,-2.3421849,1.5431858,1.0583720,-3.7481811
4.3059919,3.0219149,-18.8759803,2.6479114,-2.7061977,-2.8445130,-2.2955956,-23.4244792,12.9828461,1.2466477,-0.4788858,5.4687051,-0.7305886,0.5793568,-1.1065522,1.5133277
2.8843905,-6.6608397,17.4409278,-2.6311247,-5.7839568,1.3852191,-1.9477241,-19.6330531,8.8055529,13.3444870,1.4011102,9.9606228,-2.9133321,1.0639892,-1.2453736,-1.0651203
4.0323390,3.5077574,-50.7845906,1.9522155,2.4241491,16.7144723,-2.3495732,-33.0437803,7.6113244,-0.5890209,-2.6592629,16.0649023,-0.2515661,-1.0108509,-0.8412278,0.9545863
4.0115793,5.3495541,-15.7101497,0.2744675,-7.5143233,2.1336587,-3.0792814,-15.6388304,1.1824518,-0.2778734,1.4130558,16.2557675,-1.4764086,3.4752269,-2.0593148,1.7878856
5.3685939,6.6406360,-47.3907862,-2.8544062,1.5763766,7.3362563,-2.3376639,-14.6309998,-3.0873646,-9.5849042,-1.1687082,12.4799289,-2.1145251,0.7242905,-2.0485644,3.5919606
3.5664830,-7.0413695,10.4976947,5.1938696,-8.4084414,-12.1442688,-3.7053261,-32.1869520,25.7537350,18.9200041,0.5830828,1.1007785,0.9291050,-0.4991065,0.5790730,-1.6228826
-1.9442257,-0.2479813,-19.8225518,-3.9898652,-0.5119937,19.6154560,-0.9871348,-21.7188177,-5.4980945,7.3798973,0.0101848,20.6260959,-1.5772955,-0.0387715,-1.1856087,-1.9840289
-3.4483975,4.0286390,0.1006240,9.9575913,-0.5613718,8.9540548,3.4461419,-6.4897585,11.4771135,0.5097189,-0.1494914,5.2217807,2.3178988,1.3644503,-0.9078467,-0.4012329
3.9785100,-6.7950846,55.1186607,4.3339572,-14.5387424,-7.2536064,-1.4519287,-13.5803684,18.8587414,18.5296224,3.5266322,7.3352394,-1.9779246,4.5411579,-1.5919004,-1.1732080
7.8587775,3.3413663,-28.5098626,-6.2952452,-2.7148184,0.0561208,-6.5563246,-23.1046879,-5.6087899,0.0634695,-0.7941107,9.2698027,-3.1595621,-0.0588237,0.1817849,0.5270648
-1.9122860,4.1064892,7.1129254,-5.8515125,1.9438132,3.9857699,-0.6179817,10.0384620,-22.7398946,-4.5688276,0.0332461,-0.7615749,-1.5496910,0.0235736,1.2970944,-2.3257475
2.6947231,-3.8390850,28.4248699,-0.6140943,-7.7859509,-2.7786909,-0.5091517,-3.4699741,5.8733255,7.4062978,2.3295401,6.8354005,-2.3749912,3.0016954,-1.7165522,0.1353071
-1.0944657,-1.4876880,33.5189325,0.4746264,-3.8475326,3.2689690,1.6160716,-1.6968120,2.0012333,7.1768897,1.5499531,3.3535849,-1.9457180,2.1054374,-0.7520466,-1.9252886
-6.8796156,0.0319306,32.8947099,0.2285970,-0.8027863,18.8472533,4.4101476,-11.3008786,1.3583269,10.6497386,1.5171339,13.1981601,-2.6454193,1.8648060,-1.9355439,-3.7071392
1.6106566,0.8685001,-2.0986625,-2.0166001,-3.1644128,4.7269929,-1.9918219,-16.3065606,-0.9348177,5.1546200,0.4229367,9.8311020,-2.1871638,1.0014873,-0.6082109,-1.0214638
1.7017856,-1.0587000,-15.3716901,-5.2405350,-3.5937908,3.6702613,-0.2878960,4.2009457,-3.9966418,-3.5881609,1.9851146,14.7255046,-2.0531230,2.4176021,-3.5735755,3.7915638
7.5973754,4.6524663,26.8952234,9.3604487,-10.2301233,-11.9979776,-2.9458463,-28.8196429,22.4186835,9.1326659,0.5626994,-1.0946968,-1.4905764,3.3050622,0.0804732,-0.7237634
1.3394899,8.2481437,-56.8597480,1.9286311,-2.5785008,23.5895634,0.1083373,-41.0324273,12.0585986,-1.3592671,0.2546287,35.3183065,-2.6230596,3.0173312,-5.7617484,3.5653495
0.7953230,-2.7825795,31.3869874,-2.5474392,0.4632460,13.6164245,3.4547995,-9.9566130,7.3575580,6.8004258,0.7601070,8.6057680,-5.1659096,1.9408070,-2.9226904,-0.6748775
-3.4326444,10.7025224,-10.0743270,-4.9471013,1.0913233,9.1808845,0.8556670,-3.2345456,-16.8415025,-6.3445745,0.8235079,10.9783503,-2.5935456,1.7666354,-1.4368483,-0.4587163
4.0839923,4.2517015,-20.0117330,4.5373269,-5.8396469,-6.7304069,-4.8823521,-19.0761395,4.7647390,1.8136502,-0.5420315,3.4283795,1.9765974,0.3736132,1.5026127,-0.4120973
-2.8946202,-1.9389441,-20.3611088,2.7207776,-2.2271712,16.3815407,1.3065771,-29.9202178,14.0354992,9.8405824,0.7259074,22.6518612,-0.3408118,0.9139358,-3.4977722,0.1845632
6.8027091,-1.7174896,14.2813904,-6.3455035,-6.8713999,-7.1804762,-4.3201279,-8.9475866,-2.4115664,5.4063338,1.4835278,4.3806841,-4.0447662,1.9052883,-0.6712923,0.4981842
2.0277770,-2.4763111,-30.0347351,-5.3022104,-2.1389574,0.1535422,-3.8411585,-17.1546770,-1.0316870,4.5226138,0.0876367,10.2345216,-0.6238434,-1.0824056,-0.4846320,0.8107414
6.4390796,-3.9410583,49.5452914,6.6495108,-11.2562156,-5.0659229,0.0421212,-18.3502589,25.9657630,14.4857813,2.2133470,4.6514371,-3.0285898,4.5712247,-2.2050631,0.0507848
0.0183155,9.1762547,-18.9993692,3.6328435,-1.7421874,10.5603116,1.4601612,-14.7829382,4.9775420,-5.0291269,0.5396657,15.1896964,-1.3297828,3.2267306,-3.1585168,2.1093948
2.1955350,3.0015657,11.7829495,1.1978848,-1.6141479,0.2341560,-0.0393738,5.4676215,-2.5059363,-3.1500533,0.0952087,-1.2778139,-0.7576297,1.5629243,0.1175338,0.0933218
2.2817139,7.5571528,-23.9503772,11.1389364,2.0812287,20.9173083,5.0468250,-16.9935520,21.8542638,-7.9349122,-1.1943529,15.6879541,-0.7663451,3.3909745,-4.5219770,4.3032189
0.3067161,6.1718706,-54.9070353,6.4131387,3.5745812,16.8930564,2.8029296,-15.3164941,12.8455104,-9.8811927,-1.4141112,16.5307703,0.9817324,0.9979722,-3.7009841,4.4728425
-1.7831260,5.3038610,-3.8115387,-3.1854682,5.3138935,33.6756404,5.1222648,-1.3289177,-10.0521432,-6.0391134,-0.3139229,19.8897097,-4.6879269,2.6594309,-3.7161874,0.3351901
4.5048314,3.0023069,24.3774372,3.9779531,-1.6221494,16.7330644,1.4221853,-18.0629218,10.4323953,5.1811227,-0.3206837,9.7549056,-3.9842484,3.1143453,-1.8292926,-1.1239522
7.4855657,1.1866672,-8.5183014,-0.1783656,-4.2990481,5.2061566,-1.2840631,4.2149874,-1.1837621,-6.8738024,0.5965269,10.2654963,-2.1344522,3.4867004,-2.3558436,3.8896089
0.8778570,3.4270987,-7.9709696,7.2052340,-8.2261604,7.4593494,-1.8460286,-45.4737156,19.7772548,14.0119838,0.7239171,19.2199730,-0.5999067,2.0615729,-1.8318158,-1.6268076
3.8696083,2.5187050,-28.0115462,3.6507999,-5.9580030,14.6926981,0.3400399,-28.2689919,18.0142531,1.5946625,1.2122069,27.4970231,-2.2888366,4.0370757,-5.4502782,4.1969276
-2.4226778,4.0873746,-15.6497061,3.1752716,6.5679786,28.6819884,5.5843462,-9.7899296,6.2628291,-4.0200652,-1.3091603,15.5260805,-1.8426713,1.0900940,-3.3506424,1.0660727
7.1536006,4.8747987,-15.2913628,10.6195435,-4.6845945,5.7443542,2.2172221,-12.0322271,25.4083034,-6.4509759,0.2579696,12.3606414,-0.8568321,4.8840683,-4.6285904,6.0878011
2.0420308,10.5231840,-9.7788822,-3.7154550,2.8396938,11.3860824,-0.7444197,-2.2263380,-17.2311710,-9.7724338,-0.9947164,6.0432100,-3.1553990,1.4790873,-0.0566679,-0.4486330
2.3693945,-2.6108406,40.4961982,4.7101570,-4.9680711,-0.4652076,-0.9703228,-5.9542623,6.0081177,10.6997380,0.2513699,-3.9243662,-0.2203502,1.2472410,1.8666861,-3.5476779
2.9841159,-9.4904724,-17.8780899,-0.6100956,1.6719160,1.8129735,0.8642054,-10.2762524,19.7601049,4.5286240,-0.2932664,5.6892612,-0.6100567,-1.0918580,-2.7426367,3.4123894
-3.7610721,10.8850589,-34.4101058,-6.8506035,-1.0975801,12.0246233,-3.6197156,-18.2940730,-23.6824448,-2.2554341,0.3602205,19.0052691,-1.4256158,0.3329464,0.1415122,-2.6881912
8.6514264,-8.4578548,-35.8321998,2.9828237,-10.6564905,-3.8489182,-4.0930866,-38.4619013,33.5515010,11.3320237,1.4833831,22.3030911,-0.6722224,1.9287784,-4.5935693,5.5736696
2.3562846,5.1989281,-28.7321938,9.0472749,-2.9801696,19.6572685,2.1955014,-39.1832600,27.2510659,3.0132434,-0.1522192,25.4811679,-1.6139451,3.3651118,-5.0755517,2.8824179
2.2626769,-5.3643316,-22.4816584,-4.2801608,-8.9095831,7.6801835,-3.5641222,-16.0652162,1.0311264,7.6614700,2.4706608,26.0827413,-1.2954245,2.4793099,-3.1380377,1.6590378
2.5549331,6.1421510,-54.7663638,-1.1681828,-3.6383512,16.9804094,-4.2060068,-25.9561109,-7.4033006,-1.9460923,-0.2802645,26.8162630,-0.4064278,1.4560582,-1.6600688,0.9995669
2.7798782,-2.7669617,-11.8346118,6.6232912,-8.8207006,-2.3723241,-0.5926738,-35.6978851,33.1441800,11.7172450,1.6544843,16.2710047,-0.3552915,2.3720882,-4.0378849,2.8273686
-0.0395783,-5.9699414,1.4079879,7.5770751,-2.4062047,6.8010460,2.6549764,-16.4820810,25.5687049,9.5884866,0.2455780,8.1637155,1.0688729,0.7110500,-2.2268276,1.0184230
-4.9968831,1.8796776,-2.6702510,7.3474708,-8.1874391,7.4363725,2.1889425,-28.3619507,20.4760756,10.9581206,2.7933117,22.7772937,0.1838045,3.4566142,-4.2833843,0.2057423
-0.5823167,2.5387014,-13.2525604,4.6692121,-2.5009304,8.8475991,1.9340345,-33.0339027,23.0256584,6.3320750,0.7833153,17.1701771,-1.9136577,1.8374020,-4.1734958,1.6497071
-0.5720036,3.6120420,-19.5639359,-5.0244542,0.6756052,10.2354464,-0.9342718,-14.5255321,-6.4561220,-0.0166259,0.0516585,12.4368866,-2.2911975,0.1653329,-1.3161909,-0.4509647
8.2477503,2.0172910,-26.0949285,10.4724262,-10.3286039,-0.8534812,-2.6290430,-38.9371235,32.4155296,5.4779560,0.5936233,18.1791331,0.0418880,3.6718439,-3.4145999,4.1938248
4.3419923,6.7813401,-0.4250483,0.0079822,-5.7188181,-4.9833670,-3.6115805,-19.2757402,0.8543901,1.7101065,0.5929965,5.2102316,-2.3300880,2.0542026,-0.3158032,-0.2120145
1.5194895,-12.8519518,46.2795970,-7.3100068,-4.3639496,-10.1647233,-2.2540864,2.4629501,-0.3208737,16.7880137,1.6699901,-6.5254964,-2.1736176,-1.1002570,1.4613632,-3.0658436
4.8911175,7.7188493,14.1722117,-2.3967589,-1.2709120,-10.6005390,-4.0613998,2.0722267,-13.7315998,-5.3266789,-0.7855981,-11.2506826,-1.9346159,0.3637529,2.9601166,-1.7144427
-0.3463617,2.6112418,-25.9195193,1.9901968,-5.6147119,27.8291562,1.4379659,-26.5606933,6.9701266,3.7302269,1.7014317,36.6037491,-2.1743846,4.5288576,-5.4434073,1.9053643
-0.9511858,-4.9123331,-33.8142024,0.4788237,-4.4370871,6.0395590,0.8032320,-25.5069015,21.4386097,6.8823088,1.9479850,23.7025617,-0.4562418,1.3905591,-5.3336387,4.0776796
-2.0866355,-3.4923093,10.9540450,4.4595755,-0.1812741,7.6476057,4.0004820,-17.5009037,21.2426758,7.9821739,0.5598308,7.6304021,-1.2434117,0.9185952,-3.1111984,0.5988624
-2.9321507,-1.4554703,-5.4049880,-4.1666177,0.1212449,7.2558754,1.7225548,-0.6125193,-3.0775953,0.8904347,1.2649104,10.6450753,-1.5161115,0.7264324,-2.4472311,0.8514249
1.1329268,10.6055384,-54.5972473,3.9847663,-6.2925350,5.5024280,-5.1207317,-35.5059065,0.6931434,-0.9400460,-0.2468276,20.7705877,1.5461327,1.3132103,-0.5958311,0.3841357
0.4729204,2.0450813,17.2109376,5.5696551,1.3728981,2.9938103,2.8141165,-6.8263637,12.3417477,1.3274055,-0.6552033,-3.4361640,-0.7851554,0.7055335,-0.6416794,-0.0330157
2.7518443,-4.3361955,8.0404453,3.3083510,-0.5034294,-1.4164213,2.4433245,-4.9169893,20.9765528,2.5086431,0.3511614,0.7523117,-1.2679735,1.0360397,-2.7255130,2.9870555
0.8518048,-3.1941671,28.5061846,-7.2570045,-0.3599364,-3.9562909,-1.5792999,11.8766106,-14.8176149,2.9420325,0.4078507,-7.5492593,-1.9593737,-0.6157599,2.1640919,-2.6470211
-0.4193275,-1.5923819,45.5843802,6.5049770,-1.5719856,15.0655787,4.6007539,-16.3751561,19.2512002,11.8431220,0.6286722,6.5942719,-3.3908364,2.7600550,-2.3675384,-2.1710131
9.2070333,-2.5473388,-13.8214555,7.8007785,-13.9948422,-5.7980664,-4.0745315,-40.4567813,34.7850100,12.0395944,1.9571408,20.0161991,-0.9039841,4.1837967,-3.9499266,4.1575308
4.5403669,-2.0333212,-2.0190395,-4.6988963,-2.2023204,-4.8872193,-2.5845440,2.0438664,-3.7913486,-0.3953588,0.5359088,1.3671668,-1.9531238,0.4958402,-0.4837732,1.4465798
4.9342802,10.5799303,-17.3330886,9.1017878,-6.0853289,1.7130726,-3.2492778,-29.8373991,11.7064382,-0.3270546,-0.7887757,8.4028836,0.4792042,2.3669137,0.0711822,-0.2038336
8.4244550,2.2198777,-57.4638360,5.9491306,-10.7400425,2.7073463,-5.0431421,-42.2297115,24.2320534,3.0702847,0.7525665,28.6304374,0.3711217,3.2865023,-4.2257035,5.3846565
4.1033354,3.2352428,-31.1888263,-6.4423196,-7.2066097,6.3791260,-5.4830456,-37.5600747,-1.1495273,6.6540454,1.2334385,25.5803930,-3.9438790,1.8981286,-2.5472532,0.6177897
-1.6693429,-7.9145265,22.6319352,10.7378722,-6.0252033,-2.0819050,4.6219888,-6.9537288,34.0730927,10.8240832,2.2589911,5.4205911,1.3668515,2.6616527,-3.8568148,2.5716995
-1.9919742,-5.3233634,8.8506523,3.6851103,-1.2059997,7.5987550,4.6454447,-12.4459937,23.4976525,8.0086554,1.4441707,11.2343997,-1.2695942,1.6930444,-4.4181867,2.0725466
2.9690601,-2.2149833,10.9181631,-2.8381963,-12.3797857,-5.4992378,-5.1097355,-29.4521213,5.8145935,15.8649268,2.7209570,15.5215572,-2.5836230,2.3144396,-1.0759659,-1.8248354
5.6936112,-8.9061132,17.6301151,1.3497058,-8.5772735,-3.3267002,-1.1849288,-18.6566131,22.3104714,13.5620037,1.8049783,9.3640605,-2.1512809,2.2041376,-2.5111422,1.6505990
4.7216434,-5.9507977,-46.6742158,-6.1504877,-5.1758720,4.3731705,-4.2677216,-35.3783670,13.2086831,8.5440668,1.0280594,25.2954548,-2.5246922,0.1639085,-3.9727011,3.6159109
-3.0881208,1.2144855,13.5861396,-2.5703880,1.8936775,33.6049679,5.6333648,-10.7033535,-0.5768113,3.2743912,1.1295529,25.4945573,-5.6112057,3.5162138,-5.1227587,-0.2057990
2.4272215,8.5962002,-34.4926582,10.7544935,-5.6569656,7.2317191,0.8059377,-34.3106321,26.4805076,-1.0312510,0.4932121,20.4584384,0.1703955,3.6795946,-4.5312974,4.0733529
8.0122495,5.6548504,8.5304304,10.7346280,-2.9374708,8.7916205,3.2959160,-5.2403621,22.6096894,-7.2822042,-0.1032735,7.2489430,-2.4642737,5.2732445,-3.9933680,4.7651947
-5.8019049,-0.4278022,-6.6032684,0.2511798,1.4564560,21.2139381,3.0757605,-9.9952516,-0.0073046,5.1962509,0.5364517,17.2416016,-0.5780185,0.7345908,-2.0932572,-1.3995167
6.2782534,7.8679232,4.8586093,1.8730745,-10.6331388,-0.8967849,-5.3508742,-31.6718306,2.9517477,6.5741240,1.0011945,13.1349309,-2.7587713,3.6089099,-0.2270347,-1.3912226
-0.5922372,7.5851131,6.3202482,4.4746566,4.0368079,27.8070507,4.2659258,-4.6678561,-2.3122648,-4.6900196,-1.2622066,11.0115932,-2.2276159,2.5744033,-1.6282033,-1.0705543
-2.0365296,-2.2225692,33.0352385,-2.6402465,1.5636338,17.6929472,2.4591188,-4.9199869,-4.1940947,7.8167019,0.2966050,6.4981369,-3.5760777,0.8458746,-0.6523843,-3.4765944
1.3031286,6.6700601,-1.0022026,3.1697151,3.5536472,19.2861611,2.5101296,-26.2832431,8.8918800,0.7986567,-1.4957610,10.0616035,-3.5962703,1.1524415,-1.9996365,-0.9254077
-0.5405711,-2.3714813,7.6119384,3.5997435,-3.6062171,12.5604865,3.6976621,-19.4680362,20.7669430,7.7829023,1.8210122,18.5587376,-2.6825355,3.2789639,-5.1942882,2.1437437
6.3146996,-2.3251381,-47.4323503,-7.1660253,-2.8816809,5.9284566,-5.1899552,-20.8492150,-1.6851836,0.7707999,0.0357666,19.4825151,-2.1234264,0.1749349,-2.2434838,3.2674299
-2.9225814,4.3676378,-5.8752008,-6.0117592,-3.0558743,8.1152517,-1.9912247,-15.7855691,-13.0356758,4.1987793,1.4391518,15.5615725,-2.5421518,1.1286354,-0.9809222,-2.1348600
6.6532565,-0.8136763,-37.4106655,-1.9306826,-6.5318643,-5.6866889,-7.2630804,-26.1590859,3.9513432,4.9206697,-0.1943580,11.2463564,0.1448193,-0.2510965,0.1783263,1.1143008
3.8491313,-3.1895197,1.2302340,2.1696598,-6.2154721,-17.0722120,-4.1551456,-11.9411501,11.8930904,7.2157826,0.4874153,-4.5661561,1.2556122,-0.3953161,1.1815284,0.1535227
4.2285760,6.3293768,2.7937583,6.3039773,-4.3889102,1.1770439,0.0880848,-25.3197055,18.4913490,1.8345872,0.1341833,6.4768426,-2.2266802,2.9515168,-2.2468397,1.2621319
-0.7663295,6.0508383,-6.6705051,2.0314313,-0.8286599,11.0650492,1.9953968,-26.1805771,10.7095554,2.7634677,0.4569895,15.0786589,-3.0343607,2.0672689,-3.4607880,0.3839612
5.2045948,2.3447210,-23.5227795,1.3939898,-5.0132446,8.6029234,-0.7468147,-2.2790447,2.4208007,-5.6340157,1.0733544,17.7942632,-1.0307016,3.8938093,-3.4331096,4.6876674
4.4679148,-3.2236168,-1.7997163,0.9405454,-2.1330597,-2.1646444,-0.9613479,7.7322120,1.4629636,-2.6162158,0.0292754,-0.7413366,0.2847709,0.8656586,-0.1832475,2.0280343
3.5051440,-4.0080541,-0.1824450,-0.4642374,-2.2049546,11.7701529,-0.2662373,-25.2082591,14.6381087,9.4453757,0.1554749,14.4902667,-3.1068435,1.0033728,-2.6263034,0.5417035
1.4754940,5.8645855,-44.5666042,-2.3255618,-5.1778967,15.4121017,-4.8769514,-33.8974384,-6.3817509,3.3513726,0.0152536,26.8127522,-0.9356544,1.1984317,-1.1540495,-0.8644905
-0.8355632,-0.5890100,17.0439235,9.8208993,-6.6109075,-2.5711186,2.3162033,-25.0656252,30.5114285,12.1397373,1.6444099,7.5525585,-0.0099324,2.5350690,-2.8547116,0.5809630
-1.5333403,2.3356817,26.3290015,1.9305494,-2.7784744,7.0422242,1.0719560,-23.7319791,8.8731301,11.4315746,0.7622594,7.4390604,-2.9856793,1.5561024,-1.0131120,-3.3668995
-0.4848738,-0.8904348,8.5730740,9.3047199,-2.2624289,17.8538561,5.1462789,-23.2649359,28.0364236,7.0986474,0.7431239,17.0369359,-1.5694450,3.2490783,-4.6811604,1.3457278
-0.1944934,6.9259217,-2.8297749,3.8537853,-5.2366435,23.7905657,1.9166274,-36.7823303,11.9128489,7.0919727,1.3719877,29.4608874,-3.9920995,4.6054815,-4.8498798,-0.1180107
5.5256259,0.0631961,-19.3445122,5.8600140,-0.2776167,0.4062368,0.1580395,-3.7120141,14.7873791,-4.7290398,-1.0545492,1.2651570,0.9472840,0.8395830,-1.3759968,3.9473312
1.1880515,-2.9679046,21.4652984,-0.0683038,1.5634004,20.2565150,5.3609803,-11.4490103,14.6649224,5.0871224,0.6806848,13.8517063,-5.3979296,2.7401813,-4.8797823,1.4006795
-3.5148826,2.6821362,-18.5498173,-3.0650695,-3.1407843,-1.0550575,-1.4677180,-15.5802414,-2.6192448,3.2108968,1.4298291,11.2111941,-0.3533422,0.2122483,-1.2123465,-0.3201304
0.9837986,7.4860968,-16.5047529,-3.1474685,-1.1725449,19.8268499,0.4660179,-10.9727466,-9.6451180,-5.0389349,0.7132313,21.3764654,-3.8133197,3.2716097,-3.2285080,1.2384250
-2.5678089,13.1078455,-17.2120721,0.7184367,10.0813803,35.7546535,6.4958805,-2.9598334,-10.0051529,-14.6724920,-1.8342948,16.2381880,-4.0420668,2.3703226,-3.5742677,0.9552979
-2.6420560,13.3757993,-27.4833927,9.7773002,-1.9353468,22.3196462,3.3879358,-28.6493497,12.4909166,-3.9059547,0.1628115,24.7009546,-0.7570144,4.2749669,-4.3091827,1.4271219
-1.6373348,9.1278515,-16.4062545,6.5660960,1.1242863,17.2763907,4.0539529,-15.6526471,10.5849432,-5.8440453,-0.2354291,14.9523794,-1.0863893,2.8810603,-3.6862118,1.9006095
4.9527972,10.3702242,-43.7208980,-2.9815716,-1.2109090,15.5664687,-1.8796549,-26.4717662,-1.5384650,-7.5319976,-0.1590912,24.5500348,-4.3880035,2.9431786,-3.9735451,3.3657552
-0.3557119,1.6895769,9.5895963,6.2533322,-5.3401823,8.4108139,-1.3656157,-33.0816482,12.5816742,13.8051797,-0.0767511,10.0097095,0.1138828,1.0024176,0.4042526,-4.1351300
-2.6488632,-2.2291651,-4.6490802,9.7912579,-3.3848233,13.1724792,5.4068291,-23.6709640,33.0542865,7.5503409,1.6071485,20.3584470,-0.2770405,3.1232017,-5.9707078,3.1829347
-1.2233738,7.0600755,-14.3897973,0.2279096,5.1443549,25.2702259,5.9265101,-4.8104064,2.4483704,-8.9720158,-0.0512700,17.6948636,-4.1510003,3.0124811,-5.2618812,3.2342121
4.6775774,-1.5215424,12.8449852,7.4763014,-6.8613887,8.9391421,2.5454198,-28.2672188,31.6354820,8.5374313,1.4770338,17.7921585,-3.3703937,4.4795309,-5.2527466,3.1143902
-1.7718268,-7.6438960,-2.8199357,0.6007524,-3.2411192,5.6519589,1.1987542,-19.3615244,17.5453146,12.7638232,1.4581971,14.0538696,-0.3578917,0.3441175,-2.7820084,0.6584314
-0.8645092,-1.3943126,13.4572952,2.6578008,-0.2998778,-9.4383631,0.1397507,12.0371637,-0.0101561,-0.2676505,-0.1021890,-11.3175326,2.2661517,-0.7270963,1.8946591,-0.7627243
2.0765843,0.7065543,21.9469711,10.8145436,0.6208949,14.8938806,8.1979349,2.5431567,26.9572875,-4.5120669,0.5977652,7.9242540,-2.2648490,4.8699113,-5.6806594,4.9719230
2.9697376,-1.1833900,26.5854193,-0.2919357,-4.7464107,-5.0490487,-0.1983377,-4.4747867,6.6843017,4.9820395,1.4313830,1.1731094,-2.6772694,2.3324253,-1.2933703,0.3442429
1.3969058,11.9975796,-24.0731672,0.5763655,-4.2474624,4.5095717,-3.2618026,-13.4174700,-11.2198957,-5.3020035,0.2033775,12.3556442,-0.5375232,2.3002077,0.0414894,-0.2186449
5.4445673,3.0113165,-8.9884877,-2.7508537,-6.1567524,-0.2816231,-5.4347866,-19.2806177,-5.1555447,3.6653229,0.2973767,9.6772045,-2.0551151,1.3586050,0.5017173,-0.9883041
3.6702774,8.1150307,-29.2432534,0.9257769,-3.1398169,11.1581461,-4.6031156,-31.6073850,-3.8866924,1.6609401,-1.1341489,15.8052355,-1.0774263,0.8599833,0.2998700,-1.4736581
3.7946962,-10.2168224,0.6347014,-5.7279749,-0.1489563,4.0686605,-0.8472175,0.5751885,2.5551064,5.5527384,0.3586153,5.4995840,-2.0766025,-0.4325758,-1.2849368,1.6479468
1.4565117,3.5575903,6.8762753,1.9538148,-1.3020789,0.8282193,-2.3344843,-17.7910115,-0.3442141,4.5444703,-0.8683706,-0.4072541,-0.4569081,-0.2040991,1.8138081,-3.1543010
-2.9900539,2.0668606,8.8549526,0.5406557,2.5437890,27.8991645,4.5371914,-10.7715003,0.7122688,2.5009511,0.1021454,18.0744284,-3.3222967,2.2829254,-3.2300606,-1.1205641
1.6203387,3.7750099,-62.2291404,2.4344027,-3.8651559,22.3418625,-1.1890116,-43.5195098,13.9400873,3.1470989,0.0603133,36.1402005,-0.8559210,2.1081685,-4.9302498,3.3138279
8.8187846,3.0738813,-5.6488998,-1.4021913,-4.8735285,4.9115477,-3.1138603,-23.3265524,6.1078655,1.1015743,0.2076718,13.1080242,-4.6527381,2.8665469,-2.1464421,1.8682223
4.1559355,-0.3069630,2.3016342,7.4684780,-3.6283181,-4.3940345,-0.7394379,-4.5090360,13.6110986,0.5983147,-0.4401084,-2.7562175,1.7124146,1.1501322,0.3698700,1.1645496
0.5345419,10.6883171,-58.3228212,-0.1401145,7.4320715,18.1347941,0.5927336,-19.5256550,-1.9680469,-12.0606134,-2.5376390,13.8017814,-1.1128158,-0.5650002,-2.0559839,2.4805513
-1.0560202,4.3724236,5.8495426,4.6274457,2.6997453,31.4223361,5.8117034,-8.1336390,6.2473648,-2.1112676,-0.2307692,19.1744748,-2.9867697,3.5708118,-3.9383268,0.3418585
1.1543223,-1.9269649,-8.3886041,5.2716766,-5.7981961,-6.8882050,-3.7287344,-35.2364694,19.4699395,13.6404425,-0.1706430,4.9080904,1.5892225,-0.9606742,0.7777269,-1.8982672
3.1597706,13.6030742,-74.6374513,1.3912878,0.0248216,22.8980284,-2.1049181,-33.2898252,-0.6401408,-10.0860392,-1.3242311,30.1293202,-1.0555832,2.1030563,-3.5405018,3.4942582
-1.2294155,-4.6568421,43.6448489,7.0989324,-3.7441410,2.2848788,2.8163374,-3.7521660,15.6764777,11.4150761,0.9491549,-1.1903871,0.0118531,1.5454564,-0.1194931,-2.0733790
5.0536476,2.6842498,23.4211423,-5.7221237,-4.0324952,-9.2351057,-3.7471932,-1.1707673,-10.1025950,1.0909624,0.6055925,-4.5262504,-3.5863033,1.1556265,1.2923323,-1.4357151
-2.1802727,2.4582907,-24.4778172,-2.8227921,-1.5401896,1.3548547,-3.1198849,-14.1405790,-7.2145450,2.8508292,0.0650119,8.3163516,0.8657593,-1.0800262,0.7110050,-1.6734448
-3.4684387,-2.6700256,-15.2868638,-1.4801126,-3.8652423,8.4482011,-2.3196242,-37.5035489,6.9275575,15.9821647,0.6939735,17.8648504,-0.2711558,-1.0805462,-0.7810291,-3.1174238
-6.6683123,7.1816720,-52.1467302,-4.2110828,4.4640837,26.9313293,2.5751913,-2.9665389,-16.3544470,-10.0678686,0.3163671,26.7398459,-0.5424322,1.0718541,-3.8045612,1.8923815
0.0595362,12.9475315,-69.3036828,4.2767473,1.8363243,22.1575084,1.3982205,-25.7605862,4.7064109,-12.2453927,-0.9193069,26.6991712,-0.4980244,2.3282033,-4.6011503,4.1039620
-0.5944003,12.2211682,-2.8489605,6.9333653,3.8829842,38.9286691,7.0106301,-5.8447318,1.3093478,-10.5968744,-0.7135154,22.7910537,-3.6645704,5.3816017,-4.7407212,1.5540727
-1.2819321,4.7679510,30.6504001,1.2645468,4.7495027,13.3898919,4.2033462,11.8427919,-6.6316338,-4.7480150,-0.7497989,-3.5248300,-2.3166119,1.4320559,-0.0136586,-1.7499848
4.2342076,1.8118323,-0.5036910,-1.0427554,2.3183828,-0.7001803,-0.3349755,9.2550487,-3.9720645,-7.7937109,-0.9207011,-5.5335245,-1.1217808,0.2421784,0.2531504,1.4291620
6.6984295,4.1769323,-12.8358016,8.8966224,-3.4121082,10.1974118,0.9224973,-13.3488663,18.8073536,-4.3528335,-0.4552584,11.8412520,-0.7260126,3.7996821,-3.0371884,3.8289736
1.4122540,0.9913287,12.3173626,-1.1142704,-2.4090283,6.8036175,-3.3933317,-34.7135708,1.9878902,14.5375879,-0.6371476,6.8269044,-2.5591133,-0.6985918,1.4341380,-5.1227387
2.6351693,1.9611356,-31.4043810,9.3117278,-6.2755222,1.7733535,-1.4200233,-36.4677877,26.8826955,6.2869078,0.0127054,15.2834766,1.8464674,1.4002339,-2.2696205,2.0220394
3.7653877,-2.8548971,0.5479745,8.3233957,-11.3839230,-9.3920129,-2.8702420,-20.1663842,21.7957558,10.0611578,1.6327297,8.1868812,2.0886603,2.5194547,-0.9912258,1.1587728
-0.2563618,3.7497352,-18.0908550,1.2989620,-7.7618112,4.2930178,-4.0759492,-44.3158751,8.4471357,13.2765472,0.9086529,19.7630011,-0.7454002,0.9695623,-0.8684692,-2.6309769
4.2138258,-7.2439676,29.3873693,-5.4106707,-6.5444806,-14.1813606,-4.3397074,-12.3521367,3.8152474,14.2364526,1.2438664,-4.2054951,-2.4311974,-0.4881725,1.1779699,-2.2915918
0.6147648,-6.8954258,-0.1811617,-2.6089973,-2.3718025,5.9490948,-0.2750861,-4.3129169,3.6146131,5.6248341,1.0021305,9.9321186,-1.1567311,0.5788410,-1.7715261,0.8061758
3.5741386,2.8109999,-15.0736090,-1.4287820,-3.1633757,-6.0700481,-2.7118851,-0.8610492,-2.5668400,-4.6075028,0.4697361,3.0128653,-0.3829984,1.1137109,-0.6369147,2.1942481
4.2337107,1.8116460,9.3166750,-0.0243171,-1.1640836,-4.4232549,-1.8112003,-1.1397865,-1.1234165,-1.1361941,-0.5980126,-5.6348996,-1.0089668,0.3167906,1.3274768,-0.5308699
0.9538376,-10.1230734,33.9994414,3.9852890,-7.0312231,-1.6927384,2.7860942,-4.3777073,24.0738147,13.2304569,2.5768961,6.4681852,-1.1234500,2.6997883,-3.2290966,1.6256482
2.7884387,4.4551878,21.4511956,1.0995184,-6.8819111,2.9983007,-2.8136203,-24.6257401,1.4385783,9.3461714,0.7507808,8.8306453,-2.8236028,2.3635287,0.3401855,-3.1952474
0.6417491,9.7891271,-69.0723577,5.5541832,-1.2184407,9.9134328,-1.1822710,-23.7948654,8.1359119,-9.6115268,-0.7603642,20.2947314,1.9509642,1.3645995,-3.0153375,4.4205232
-1.3385378,-3.4759964,0.2602377,-0.6399753,-4.7431316,1.7152214,0.3481951,-13.4691915,10.1443788,8.5757275,1.9863076,12.8447617,-1.0924445,1.4281432,-2.9154485,0.9377916
1.3732857,-3.6794796,25.3387970,11.1665706,-1.9094125,3.9862642,5.9679160,-0.4405655,30.2402452,2.8259023,0.7268371,1.3684800,0.0126138,3.1328084,-3.6577525,3.1140842
3.0770066,-7.9438633,15.2128431,7.1565162,-14.4999074,-11.6162936,-2.7387436,-27.2219471,30.2661761,18.9291761,2.9317548,10.9390335,1.2240476,2.7010970,-1.9182206,0.7170410
-0.2501725,10.7793571,-40.5180094,3.1959030,-2.2478869,6.7682852,-0.8627879,-12.3970592,-2.3534374,-8.9027035,0.2024330,15.6481795,0.5793260,2.3119505,-2.1086385,2.2186884
3.5462824,3.6822544,-46.0105697,0.8013843,-4.5465769,9.6563727,-1.2823276,-22.9326258,9.9243554,-3.2756314,0.9128530,24.3415104,-1.4436922,2.9251058,-4.6600451,4.7159757
5.9460240,0.2724664,43.9676700,0.1959416,-3.3134363,-2.6568859,-1.3875533,-1.5604019,1.0959406,4.2651121,0.0133587,-6.8030667,-3.3823234,1.8263285,1.2281204,-2.1124131
3.4686505,3.4569836,-9.3158744,-3.3488893,3.7013061,11.3776651,-1.3666718,-7.6040566,-10.3784544,-3.2612595,-1.8919797,2.7177917,-2.5187218,-0.5626371,0.6824845,-1.0646329
4.7061590,-1.0066146,-4.6379798,1.5915676,-9.5045133,-0.9276887,-2.3278357,-15.7625475,11.2371322,4.8336669,2.0966072,15.5111792,-1.4702111,3.5391513,-2.9430773,2.6139072
-1.6532526,-4.5803869,-24.4651299,6.1805767,-4.5963712,12.6182787,4.4795393,-21.4061192,30.7135293,5.6098730,2.3631433,26.9599119,-0.2599162,3.3612938,-7.3453334,5.8008455
5.4421319,3.3123914,-20.6561481,-1.3527374,-5.8199077,7.6543440,-1.0516164,-26.5333974,11.7836515,0.4243001,1.4969558,22.9920555,-4.4491800,3.8615387,-5.1590388,4.0242232
3.6976956,-5.2138317,14.8446617,0.8903046,-4.9915235,0.1150886,1.0281970,-9.6216762,16.8744249,6.8470324,1.6024618,7.9282073,-2.7539732,2.4233017,-3.2050608,2.4744698
0.3994851,0.2017830,-10.1389439,-1.6935737,-3.0607127,2.1711074,-5.0803021,-27.3905860,-3.1900864,11.3091134,-0.8077421,5.9014542,0.3451414,-1.8225887,2.5755108,-4.5362772
3.7857137,-1.4767242,9.0752182,6.3554552,-2.2208244,-4.2978303,0.7018345,-5.2734686,17.4902413,1.6208863,-0.1176819,-2.9629113,0.1248113,1.2365213,-1.0004985,1.7935992
4.3011904,-4.4047464,14.1382212,4.9334671,-2.6542131,15.8119391,2.1225706,-9.4241226,15.5193795,5.3438927,0.1537034,11.3062366,-1.7449579,2.8216160,-2.5318051,1.3556958
1.3662995,2.1109293,-17.6535438,0.6318563,-8.0152667,-4.4249590,-3.5455389,-30.1223741,11.0900939,7.6960340,1.6943053,15.9620075,-0.9982006,1.7543338,-2.1072901,0.7207080
2.8982981,-0.9618184,-16.4416318,6.7536813,-7.3313976,3.6323245,0.3639067,-3.2146271,14.1097028,-1.0196770,1.5595395,15.2221843,1.2865789,3.7224421,-3.3484693,4.3302612
2.8698089,3.1092203,15.4952952,5.1372475,-1.5633780,-8.7873010,-1.0829751,0.2817725,3.6189198,-0.4102765,-0.8034045,-10.3689782,0.8983827,0.2196461,2.2119020,-1.4012836
-3.4576328,-0.4751349,25.0335795,4.8247810,4.0507918,16.6313919,6.8390617,2.9876478,10.7098719,1.0057779,0.0130334,3.3762677,-1.6959054,1.6146352,-2.5688909,-0.0460341
-4.8425619,-0.7358930,22.8336688,3.7035366,-0.4950235,7.9747497,3.4096069,-18.1674259,13.9941322,10.9961832,0.7795553,6.2029161,-1.0766583,0.6461604,-1.6251737,-2.3418519
9.3927276,2.9994590,-35.4566045,10.1948895,-8.2444780,0.6321134,-1.2236978,-26.8817544,31.0838815,-2.1008842,0.5927294,18.8932907,-0.1208147,4.4662221,-4.9338573,6.9165240
2.2803389,3.2857787,22.0945506,2.2001142,-10.1643719,13.0360916,-0.2042582,-13.9644602,1.9446908,6.4202946,2.6393984,21.1019850,-3.3722462,5.8670882,-2.9891681,-0.4949920
-0.7555355,0.4363595,-6.6161108,-3.8358306,-3.1692472,17.7169312,-0.4900369,-29.9625935,1.8832155,9.9943055,1.1137456,24.2288561,-3.9082832,1.6266545,-3.0741566,-1.4789020
6.7521183,2.8806395,16.4051476,7.7052351,0.7028067,7.0442049,3.1385265,0.7087436,16.2805860,-5.2014501,-0.9996175,-0.9475472,-1.9256688,3.0516859,-2.0718423,2.9501508
4.0605668,-0.5719799,-40.7121706,-0.4744691,1.9976455,1.4780988,0.1279550,3.8878945,5.3438506,-10.8206959,-0.5481967,6.1468205,0.2181638,0.2844656,-2.6394885,5.7055084
4.8213787,10.5985223,-14.6872990,-2.7360332,0.0364510,2.0176696,-3.8303327,-14.5098501,-11.6796008,-6.0771729,-1.3073110,2.7739305,-2.8461814,0.6493550,1.0223326,-0.8200367
-2.5276801,8.3531534,16.1941962,-0.7766880,6.7663741,8.3227750,2.3402090,8.0352388,-15.1200046,-7.0273079,-1.6498599,-8.8632304,-1.6434765,-0.4776903,1.6724523,-3.0128848
0.4874265,6.8236881,-0.0056567,3.1812589,1.5052004,9.5856978,3.6283590,-4.4692038,7.1780488,-6.5035711,0.0928405,6.6037292,-2.5826063,2.6803954,-3.0953024,2.2183209
6.0198363,-5.8943641,-37.7856110,-5.9259027,-11.9114513,-11.4360615,-8.0525207,-37.2017313,12.0306483,12.4781871,2.3130339,20.9238029,-1.2725058,0.6967141,-2.5369380,2.7901418
0.3361036,-4.1577402,-33.0634485,-2.1006763,-2.9615333,-4.2847473,-0.5682645,-4.8066205,10.2645105,-0.5513955,1.6584495,11.4480853,0.5528131,0.5011448,-3.4808026,4.7767702
-5.9317464,1.8006861,32.6912174,5.1800091,-1.6531962,23.5667399,5.3676336,-14.6029332,7.3542557,9.9802891,1.3256807,16.1238981,-2.2904814,3.1190084,-2.5503426,-3.2737134
-4.5193285,5.4093827,-1.6342161,-6.7852273,2.1506082,12.5399560,-1.1451670,-18.6081834,-16.1699816,5.2878902,-0.3066112,8.9605103,-2.6852047,-1.0743232,0.9267419,-4.8489620
0.5516031,6.4603334,-5.8429937,6.5432962,-9.9383256,2.1955402,-1.5118113,-28.3919404,12.0120721,6.4390887,1.7645901,17.9684364,-0.1443894,3.8212036,-2.1554283,-0.0666599
3.2269325,3.0648310,-41.5116950,12.6649938,-9.7658925,1.7746896,0.0405781,-40.2635582,38.7945590,4.8388081,1.4903025,25.2291759,1.4665922,3.9806700,-5.7535648,5.6633345
3.8732965,6.4698979,-29.3226854,0.3742868,-2.2841178,14.7082287,-0.3673890,-10.8785186,-1.0592515,-6.9430735,0.2581933,19.7302153,-2.2278826,3.3492330,-3.3859170,3.4121041
3.5543414,-8.1159295,-9.1126492,-5.4932731,-3.1143618,-0.1871562,-1.0274903,-6.3618573,10.2975699,4.7506062,1.5215285,10.7687153,-2.7039526,0.7557427,-3.3969274,3.6378851
2.0609189,10.9152315,-20.4141405,-1.7638539,-1.0322260,15.0651303,-1.6212543,-27.6637892,-4.9010764,-1.8293725,-0.3618134,17.9552494,-3.8219201,2.2096686,-1.8131561,-0.6127189
4.0310797,7.2815316,-20.2738299,-3.7433906,-1.1221172,10.8985987,-2.4319285,-22.2787569,-4.0913009,-2.2663382,-0.2562758,15.2583818,-4.2027093,1.6878739,-1.7886721,0.5900936
-1.2128495,9.7052697,-6.4456412,7.6366210,5.6566236,28.1827585,4.9217132,-14.4275414,5.9141057,-5.6157095,-1.8775740,12.1343103,-1.6104244,2.1145079,-2.2542664,-0.4897405
5.2240850,3.1114926,-6.8194999,2.4963140,-5.8883042,-6.5634554,-5.4280423,-24.3979854,4.6948053,5.9944898,-0.5204353,2.0767123,-0.1041447,0.2508897,1.6315451,-1.5159847
-0.3876669,5.2187303,-54.3694877,3.8180040,-5.3303083,15.6111213,-0.6416769,-40.0385636,14.7922883,3.8455532,0.9315468,32.4244002,-0.1334961,2.4749866,-4.8030790,2.8218532
-2.0195491,11.1328766,-11.6596582,3.2990591,-2.4439207,6.6680841,1.0988317,-5.1887633,-4.1938430,-6.9616874,0.8321624,10.5770388,-0.4886496,3.1026618,-1.7969352,0.9131297
-0.4203040,12.6859753,-4.0917977,-4.8925495,-1.0554348,26.3732507,-0.6602560,-5.7752823,-28.0799649,-6.3695253,0.3428234,21.1050932,-4.1620388,3.6853191,-0.7851967,-2.7322431
2.1435338,0.9137565,-42.6435656,-4.8874405,-2.4409358,13.2893193,-4.2553407,-36.2322644,0.0818456,6.5846362,-0.2982316,23.6369171,-1.8995012,-0.3280170,-1.5805480,-0.1305868
-5.4600001,-1.0414108,-21.3670829,-5.1048304,5.5811006,16.0820412,1.2658025,-13.8771789,-5.2189533,4.2004873,-0.6251808,12.0098805,-0.8368427,-2.1426577,-0.8566551,-1.7830886
0.8580855,8.3270250,5.6191986,10.9268615,3.9421367,15.5270793,4.9810658,-3.8360224,13.2288629,-7.8513525,-1.7781742,1.0937407,-0.3960606,2.2778600,-1.6287333,0.9012094
4.5877124,4.0897877,2.0873977,3.9750222,-0.2727148,5.0051210,-0.2490013,-24.7336512,12.8632498,3.0847235,-1.1205967,3.5184508,-2.4094591,1.0397550,-0.8691267,-0.3446267
2.4299078,-7.5311609,14.9813576,12.6654107,-1.9851548,2.9822038,5.9981104,-12.8523596,44.3477325,7.6660523,0.5746328,4.0974179,0.2128338,2.2556992,-4.7098175,4.3669079
0.1475861,0.0514255,3.1587922,4.8099726,-1.8549977,1.9237540,3.3315990,-3.6618637,16.7844187,-0.4995905,1.0329624,5.7421047,-0.5006715,2.2557691,-3.2285557,2.8717535
-0.4946979,-3.6357591,10.6277274,-3.7358441,0.5476415,6.3423003,0.3258805,-21.0355519,6.5103629,11.2770998,-0.0092331,5.4650975,-3.1015916,-0.9646471,-0.9873522,-2.4010278
0.4428664,-1.7280097,-18.3728629,7.4271426,-0.7686513,20.2795339,4.2917758,-9.1574116,18.8154324,-0.2095979,0.3085864,19.5242967,0.2608629,2.8168256,-4.5725438,3.6934206
8.5748577,11.5069511,-33.1834198,5.1785478,-1.6351044,7.8170979,-1.4633573,-18.5347824,8.2239439,-11.3626684,-1.1999181,12.1951350,-2.3605054,3.5376662,-2.7901296,4.4349498
-3.3691446,-9.8415928,44.3177328,1.5825783,-1.0619284,-2.2522550,3.9276050,3.2347803,14.5575594,12.4257873,1.6515621,-4.1044427,-0.7874402,0.1335507,-1.1637442,-1.2716672
1.0410596,-0.2293614,-5.5690500,3.8929217,-11.6001681,4.5737547,-3.6776845,-20.6587542,5.0820795,9.7906906,2.0623128,19.4399117,1.1143000,3.0609086,-0.7810401,-1.0913251
2.6061223,5.8078571,-8.3173039,-2.9292300,2.2059511,-0.6492323,-1.7622570,-0.5004603,-9.9703240,-6.5848644,-1.0155665,-2.6557112,-1.4891556,-0.2895397,0.8465267,0.1262555
2.5302913,10.3297304,-10.6622179,1.9359496,-1.8088045,28.4533536,2.2653066,-5.4980274,-7.0697097,-9.4617805,0.3797207,24.4009446,-3.5917337,5.4731659,-3.9075575,1.9147690
-2.9879523,-0.7554348,41.9051355,-1.0469830,1.6174168,-1.2663102,2.5660203,0.3059037,1.6807353,6.3528373,0.4845997,-7.7949952,-2.3978721,-0.1758944,0.4286849,-3.0231027
-1.8261405,-4.0430110,1.1521373,-2.1221977,3.7109726,0.0092472,2.1937157,11.7374674,-0.3376623,-1.6420392,-0.0748146,-4.1070057,0.2443187,-1.1250642,-0.4697403,0.9483448
1.4940806,-1.6660889,10.8814670,10.8489466,-0.3312303,17.4997573,6.5641759,-23.9571471,35.7894690,6.8461605,0.0676182,13.7308419,-2.2037753,3.0842149,-5.2469612,2.6814448
7.4135762,13.1327466,-13.4195310,8.2170917,-5.0762526,6.0894463,-1.9428659,-24.9576492,9.0248764,-5.6573283,-0.8314573,11.0890192,-1.9143251,4.2247065,-1.4324085,1.5040712
-1.6577589,12.0173496,-51.4157576,2.2456652,-0.2410567,19.4193188,0.3517914,-32.6549719,3.0761118,-4.3860574,-0.1224685,27.0063421,-1.4268530,2.1890532,-3.9868907,1.8411064
8.8627637,-1.4877823,21.9601367,1.6788634,-7.1079878,-1.0247270,-1.8508149,-8.3506250,11.2357045,3.3239207,0.8677598,4.3286732,-3.2828064,3.5601300,-1.5551758,1.7271401
0.8412620,4.0631053,-40.2988397,-0.1080477,-7.2972181,1.5433599,-4.7416894,-35.2907804,4.3901133,5.8974479,0.9538268,21.3414608,0.0349475,1.0901748,-1.5730871,0.3181873
2.0549961,9.1074867,15.2773768,8.9407643,2.4801837,13.2157868,3.8020100,-3.7984529,7.3442232,-6.5507639,-1.4910463,-0.5594936,-1.3752825,2.7164482,-0.7729811,-0.0726888
1.6524512,2.6904865,-4.6558974,-1.1540273,1.8348600,-3.1777165,0.5627946,9.7651034,-3.3570447,-8.0131509,-0.1816979,-4.3679983,-0.8141068,0.4627430,-0.5123953,2.2263251
0.9146637,-4.7688153,2.7254877,-8.8116181,-4.1452939,12.8540276,-1.4160477,-13.7124905,-5.4365601,8.3714783,1.9353902,20.9676296,-4.5382018,1.8825426,-2.8407189,-0.4630860
-3.6055754,5.2783055,13.4830662,-1.6910581,1.3077242,13.7060098,0.9203255,-5.0531622,-13.6749538,1.6458226,-0.0814981,6.3652361,-1.5841197,0.6510518,0.7415533,-3.9047302
-1.3009584,12.2129131,-35.3946324,8.6078798,-1.0605860,27.9827089,5.0151387,-33.7869925,19.9698998,-4.3045858,0.5367610,32.2550134,-2.5443008,5.1526763,-7.1381685,4.1650628
0.5991759,7.6098149,-34.6275543,10.3830437,3.6820573,22.7476029,4.1461696,-30.9463520,23.1064094,-2.2160687,-1.9349670,16.9072151,-0.4011068,1.4606470,-3.9402686,2.4104367
-0.4060824,4.7377546,-28.4795521,5.4522253,0.4845433,11.4468386,1.9845227,-24.6441942,15.4863739,-0.4814774,-0.4370935,14.5872052,-0.3605315,1.1696565,-3.2639621,2.3180924
3.9735047,-7.1463629,32.3182723,7.5167078,-14.1551020,-9.8492599,-1.4298999,-23.3154365,30.7547656,18.6072731,3.1252678,8.9541339,-0.3959713,3.7492228,-2.3131808,0.6380402
3.3654427,8.6058207,-12.2204061,-0.9788215,-5.6771390,9.5222622,-3.8732090,-17.3437253,-11.2032164,-1.0250866,0.3949434,16.0977823,-2.1244015,2.9842296,-0.4053970,-1.1714108
1.7021015,3.1303174,-2.3114321,3.4019832,-5.4437761,1.2143825,1.9655362,-16.3587665,18.6070513,0.5054403,2.0335962,14.1139268,-2.6635396,4.0082735,-4.9892126,3.8403812
-3.1077311,7.2997899,5.7870635,8.1659660,0.0713521,21.0942283,4.8864070,-34.2897981,19.8237582,6.2983397,-0.0330307,17.1612437,-2.6420132,2.6217264,-3.5815740,-1.3130180
3.3664976,-5.0304819,24.8077329,3.8949934,-2.7408661,-4.1961828,0.9987082,2.0510140,14.3435636,4.8450840,0.4407546,-3.9402048,-0.1667922,1.1759425,-0.5191971,0.8055035
-3.0318041,1.7815190,20.8935588,4.7691247,-2.6306150,9.9502006,4.9568002,-10.8090585,15.9978151,4.6641646,1.9871901,11.8784676,-2.3273214,3.5829908,-4.3744897,1.0331253
2.9142870,-4.7977700,59.8003312,3.7347934,-12.0949867,-1.4762049,0.2080214,-11.4840129,15.4415887,16.2685016,3.2964088,8.2961597,-3.3532658,5.0883490,-2.0583257,-1.4533818
4.3457074,-1.1370122,-14.7363188,-4.7034985,-4.4645990,-4.5997307,-4.0535404,-13.8236294,0.2803864,3.0891046,0.7817863,8.0051963,-1.9116219,0.5070526,-0.9608051,1.1714501
1.1553485,-3.4635192,9.3297156,5.2983876,0.4397558,-1.6200183,3.1861495,3.4486368,17.5559161,-0.8993388,0.2527239,-2.7832515,0.0979029,1.0082022,-2.2288433,3.0852440
8.7100462,4.0627735,-20.7007155,5.9796288,-6.6075510,1.6875448,-0.2775543,-20.0973762,23.0452380,-4.2500578,0.9570185,16.2139707,-2.6100006,4.7477877,-5.1671639,6.1969239
-8.1435008,-4.6250869,-20.4431815,-6.0907657,5.5312093,24.4503187,4.4132775,-6.4111268,-3.1698463,2.9983276,0.6879273,19.9683290,-1.3756491,-0.9227116,-3.6231900,0.1373810
-1.6912998,9.1709995,-9.9080045,3.9614992,3.7246854,26.5999518,6.5046885,-4.0677775,4.8180080,-10.1316140,0.1252780,18.7202745,-3.3079299,4.1685419,-5.3403907,3.2549077
